{
    "Sheet1": [
        {
            "행정기관": "서울특별시  ",
            "총 인구수": "4,846,003",
            "연령구간인구수": "4,846,003",
            "0~9세": "250,114",
            "10~19세": "357,865",
            "20~29세": "712,582",
            "30~39세": "713,490",
            "40~49세": "717,072",
            "50~59세": "760,797",
            "60~69세": "693,083",
            "70~79세": "404,394",
            "80~89세": "202,190",
            "90~99세": "33,287",
            "100세 이상": "1,129",
            "남 인구수": "4,555,784",
            "여 인구수": "4,855,476"
        },
        {
            "행정기관": "부산광역시  ",
            "총 인구수": "1,687,931",
            "연령구간인구수": "1,687,931",
            "0~9세": "94,714",
            "10~19세": "128,257",
            "20~29세": "183,595",
            "30~39세": "189,350",
            "40~49세": "239,896",
            "50~59세": "277,255",
            "60~69세": "296,461",
            "70~79세": "176,151",
            "80~89세": "88,494",
            "90~99세": "13,388",
            "100세 이상": "370",
            "남 인구수": "1,611,959",
            "여 인구수": "1,693,093"
        },
        {
            "행정기관": "대구광역시  ",
            "총 인구수": "1,208,157",
            "연령구간인구수": "1,208,157",
            "0~9세": "73,242",
            "10~19세": "103,606",
            "20~29세": "133,509",
            "30~39세": "130,877",
            "40~49세": "179,716",
            "50~59세": "215,399",
            "60~69세": "190,883",
            "70~79세": "109,343",
            "80~89세": "61,814",
            "90~99세": "9,535",
            "100세 이상": "233",
            "남 인구수": "1,169,503",
            "여 인구수": "1,209,583"
        },
        {
            "행정기관": "인천광역시  ",
            "총 인구수": "1,498,394",
            "연령구간인구수": "1,498,394",
            "0~9세": "98,596",
            "10~19세": "132,465",
            "20~29세": "175,188",
            "30~39세": "197,803",
            "40~49세": "233,530",
            "50~59세": "259,147",
            "60~69세": "223,327",
            "70~79세": "105,989",
            "80~89세": "60,273",
            "90~99세": "11,685",
            "100세 이상": "391",
            "남 인구수": "1,491,638",
            "여 인구수": "1,489,915"
        },
        {
            "행정기관": "광주광역시  ",
            "총 인구수": "718,341",
            "연령구간인구수": "718,341",
            "0~9세": "48,751",
            "10~19세": "71,337",
            "20~29세": "91,181",
            "30~39세": "84,228",
            "40~49세": "114,024",
            "50~59세": "121,607",
            "60~69세": "96,389",
            "70~79세": "55,216",
            "80~89세": "30,166",
            "90~99세": "5,252",
            "100세 이상": "190",
            "남 인구수": "703,548",
            "여 인구수": "720,757"
        },
        {
            "행정기관": "대전광역시  ",
            "총 인구수": "722,924",
            "연령구간인구수": "722,924",
            "0~9세": "46,937",
            "10~19세": "66,609",
            "20~29세": "95,038",
            "30~39세": "88,590",
            "40~49세": "110,215",
            "50~59세": "121,924",
            "60~69세": "104,160",
            "70~79세": "53,463",
            "80~89세": "30,441",
            "90~99세": "5,368",
            "100세 이상": "179",
            "남 인구수": "720,637",
            "여 인구수": "724,261"
        },
        {
            "행정기관": "울산광역시  ",
            "총 인구수": "536,508",
            "연령구간인구수": "536,508",
            "0~9세": "38,465",
            "10~19세": "52,406",
            "20~29세": "52,871",
            "30~39세": "62,575",
            "40~49세": "86,341",
            "50~59세": "101,914",
            "60~69세": "83,906",
            "70~79세": "37,052",
            "80~89세": "17,911",
            "90~99세": "2,997",
            "100세 이상": "70",
            "남 인구수": "567,947",
            "여 인구수": "537,379"
        },
        {
            "행정기관": "세종특별자치시  ",
            "총 인구수": "194,001",
            "연령구간인구수": "194,001",
            "0~9세": "21,419",
            "10~19세": "25,151",
            "20~29세": "18,611",
            "30~39세": "30,072",
            "40~49세": "38,939",
            "50~59세": "25,932",
            "60~69세": "18,700",
            "70~79세": "8,685",
            "80~89세": "5,262",
            "90~99세": "1,192",
            "100세 이상": "38",
            "남 인구수": "192,449",
            "여 인구수": "193,743"
        },
        {
            "행정기관": "경기도  ",
            "총 인구수": "6,774,926",
            "연령구간인구수": "6,774,926",
            "0~9세": "483,192",
            "10~19세": "644,884",
            "20~29세": "797,028",
            "30~39세": "899,162",
            "40~49세": "1,106,136",
            "50~59세": "1,158,298",
            "60~69세": "917,661",
            "70~79세": "455,735",
            "80~89세": "263,610",
            "90~99세": "47,757",
            "100세 이상": "1,463",
            "남 인구수": "6,854,747",
            "여 인구수": "6,768,308"
        },
        {
            "행정기관": "강원특별자치도  ",
            "총 인구수": "759,358",
            "연령구간인구수": "759,358",
            "0~9세": "44,409",
            "10~19세": "62,118",
            "20~29세": "71,971",
            "30~39세": "73,902",
            "40~49세": "102,509",
            "50~59세": "127,028",
            "60~69세": "137,303",
            "70~79세": "76,381",
            "80~89세": "53,592",
            "90~99세": "9,847",
            "100세 이상": "298",
            "남 인구수": "770,730",
            "여 인구수": "761,320"
        },
        {
            "행정기관": "충청북도  ",
            "총 인구수": "783,021",
            "연령구간인구수": "783,021",
            "0~9세": "50,412",
            "10~19세": "69,726",
            "20~29세": "81,060",
            "30~39세": "84,987",
            "40~49세": "111,096",
            "50~59세": "132,365",
            "60~69세": "127,502",
            "70~79세": "68,282",
            "80~89세": "48,598",
            "90~99세": "8,777",
            "100세 이상": "216",
            "남 인구수": "810,943",
            "여 인구수": "783,297"
        },
        {
            "행정기관": "충청남도  ",
            "총 인구수": "1,038,549",
            "연령구간인구수": "1,038,549",
            "0~9세": "70,058",
            "10~19세": "97,564",
            "20~29세": "100,152",
            "30~39세": "114,700",
            "40~49세": "151,616",
            "50~59세": "164,149",
            "60~69세": "159,927",
            "70~79세": "94,556",
            "80~89세": "71,209",
            "90~99세": "14,192",
            "100세 이상": "426",
            "남 인구수": "1,089,245",
            "여 인구수": "1,037,395"
        },
        {
            "행정기관": "전라북도  ",
            "총 인구수": "881,338",
            "연령구간인구수": "881,338",
            "0~9세": "50,130",
            "10~19세": "79,344",
            "20~29세": "87,345",
            "30~39세": "82,943",
            "40~49세": "119,501",
            "50~59세": "144,550",
            "60~69세": "142,754",
            "70~79세": "92,954",
            "80~89세": "68,198",
            "90~99세": "13,206",
            "100세 이상": "413",
            "남 인구수": "876,459",
            "여 인구수": "884,710"
        },
        {
            "행정기관": "전라남도  ",
            "총 인구수": "894,669",
            "연령구간인구수": "894,669",
            "0~9세": "52,719",
            "10~19세": "77,126",
            "20~29세": "78,394",
            "30~39세": "80,031",
            "40~49세": "112,989",
            "50~59세": "143,112",
            "60~69세": "148,617",
            "70~79세": "102,544",
            "80~89세": "83,267",
            "90~99세": "15,347",
            "100세 이상": "523",
            "남 인구수": "912,075",
            "여 인구수": "897,996"
        },
        {
            "행정기관": "경상북도  ",
            "총 인구수": "1,264,026",
            "연령구간인구수": "1,264,026",
            "0~9세": "73,834",
            "10~19세": "103,636",
            "20~29세": "106,122",
            "30~39세": "118,448",
            "40~49세": "171,342",
            "50~59세": "214,234",
            "60~69세": "222,838",
            "70~79세": "135,857",
            "80~89세": "99,314",
            "90~99세": "17,890",
            "100세 이상": "511",
            "남 인구수": "1,294,579",
            "여 인구수": "1,269,486"
        },
        {
            "행정기관": "경상남도  ",
            "총 인구수": "1,614,171",
            "연령구간인구수": "1,614,171",
            "0~9세": "102,873",
            "10~19세": "152,026",
            "20~29세": "141,412",
            "30~39세": "164,845",
            "40~49세": "245,573",
            "50~59세": "285,243",
            "60~69세": "264,341",
            "70~79세": "144,983",
            "80~89세": "95,192",
            "90~99세": "17,297",
            "100세 이상": "386",
            "남 인구수": "1,642,061",
            "여 인구수": "1,619,300"
        },
        {
            "행정기관": "제주특별자치도  ",
            "총 인구수": "337,276",
            "연령구간인구수": "337,276",
            "0~9세": "25,017",
            "10~19세": "34,001",
            "20~29세": "34,589",
            "30~39세": "38,554",
            "40~49세": "53,389",
            "50~59세": "57,195",
            "60~69세": "47,029",
            "70~79세": "25,888",
            "80~89세": "17,268",
            "90~99세": "4,068",
            "100세 이상": "278",
            "남 인구수": "338,843",
            "여 인구수": "337,967"
        }
    ],
    "Sheet2": [
        {
            "행정기관": "서울특별시  ",
            "총 인구수": "4,846,003",
            "연령구간인구수": "4,846,003",
            "0~9세": "250,114",
            "10~19세": "357,865",
            "20~29세": "712,582",
            "30~39세": "713,490",
            "40~49세": "717,072",
            "50~59세": "760,797",
            "60~69세": "693,083",
            "70~79세": "404,394",
            "80~89세": "202,190",
            "90~99세": "33,287",
            "100세 이상": "1,129",
            "남 인구수": "4,555,784",
            "여 인구수": "4,855,476"
        },
        {
            "행정기관": "부산광역시  ",
            "총 인구수": "1,687,931",
            "연령구간인구수": "1,687,931",
            "0~9세": "94,714",
            "10~19세": "128,257",
            "20~29세": "183,595",
            "30~39세": "189,350",
            "40~49세": "239,896",
            "50~59세": "277,255",
            "60~69세": "296,461",
            "70~79세": "176,151",
            "80~89세": "88,494",
            "90~99세": "13,388",
            "100세 이상": "370",
            "남 인구수": "1,611,959",
            "여 인구수": "1,693,093"
        },
        {
            "행정기관": "대구광역시  ",
            "총 인구수": "1,208,157",
            "연령구간인구수": "1,208,157",
            "0~9세": "73,242",
            "10~19세": "103,606",
            "20~29세": "133,509",
            "30~39세": "130,877",
            "40~49세": "179,716",
            "50~59세": "215,399",
            "60~69세": "190,883",
            "70~79세": "109,343",
            "80~89세": "61,814",
            "90~99세": "9,535",
            "100세 이상": "233",
            "남 인구수": "1,169,503",
            "여 인구수": "1,209,583"
        },
        {
            "행정기관": "인천광역시  ",
            "총 인구수": "1,498,394",
            "연령구간인구수": "1,498,394",
            "0~9세": "98,596",
            "10~19세": "132,465",
            "20~29세": "175,188",
            "30~39세": "197,803",
            "40~49세": "233,530",
            "50~59세": "259,147",
            "60~69세": "223,327",
            "70~79세": "105,989",
            "80~89세": "60,273",
            "90~99세": "11,685",
            "100세 이상": "391",
            "남 인구수": "1,491,638",
            "여 인구수": "1,489,915"
        },
        {
            "행정기관": "광주광역시  ",
            "총 인구수": "718,341",
            "연령구간인구수": "718,341",
            "0~9세": "48,751",
            "10~19세": "71,337",
            "20~29세": "91,181",
            "30~39세": "84,228",
            "40~49세": "114,024",
            "50~59세": "121,607",
            "60~69세": "96,389",
            "70~79세": "55,216",
            "80~89세": "30,166",
            "90~99세": "5,252",
            "100세 이상": "190",
            "남 인구수": "703,548",
            "여 인구수": "720,757"
        },
        {
            "행정기관": "대전광역시  ",
            "총 인구수": "722,924",
            "연령구간인구수": "722,924",
            "0~9세": "46,937",
            "10~19세": "66,609",
            "20~29세": "95,038",
            "30~39세": "88,590",
            "40~49세": "110,215",
            "50~59세": "121,924",
            "60~69세": "104,160",
            "70~79세": "53,463",
            "80~89세": "30,441",
            "90~99세": "5,368",
            "100세 이상": "179",
            "남 인구수": "720,637",
            "여 인구수": "724,261"
        },
        {
            "행정기관": "울산광역시  ",
            "총 인구수": "536,508",
            "연령구간인구수": "536,508",
            "0~9세": "38,465",
            "10~19세": "52,406",
            "20~29세": "52,871",
            "30~39세": "62,575",
            "40~49세": "86,341",
            "50~59세": "101,914",
            "60~69세": "83,906",
            "70~79세": "37,052",
            "80~89세": "17,911",
            "90~99세": "2,997",
            "100세 이상": "70",
            "남 인구수": "567,947",
            "여 인구수": "537,379"
        },
        {
            "행정기관": "세종특별자치시  ",
            "총 인구수": "194,001",
            "연령구간인구수": "194,001",
            "0~9세": "21,419",
            "10~19세": "25,151",
            "20~29세": "18,611",
            "30~39세": "30,072",
            "40~49세": "38,939",
            "50~59세": "25,932",
            "60~69세": "18,700",
            "70~79세": "8,685",
            "80~89세": "5,262",
            "90~99세": "1,192",
            "100세 이상": "38",
            "남 인구수": "192,449",
            "여 인구수": "193,743"
        },
        {
            "행정기관": "경기도  ",
            "총 인구수": "6,774,926",
            "연령구간인구수": "6,774,926",
            "0~9세": "483,192",
            "10~19세": "644,884",
            "20~29세": "797,028",
            "30~39세": "899,162",
            "40~49세": "1,106,136",
            "50~59세": "1,158,298",
            "60~69세": "917,661",
            "70~79세": "455,735",
            "80~89세": "263,610",
            "90~99세": "47,757",
            "100세 이상": "1,463",
            "남 인구수": "6,854,747",
            "여 인구수": "6,768,308"
        },
        {
            "행정기관": "강원특별자치도  ",
            "총 인구수": "759,358",
            "연령구간인구수": "759,358",
            "0~9세": "44,409",
            "10~19세": "62,118",
            "20~29세": "71,971",
            "30~39세": "73,902",
            "40~49세": "102,509",
            "50~59세": "127,028",
            "60~69세": "137,303",
            "70~79세": "76,381",
            "80~89세": "53,592",
            "90~99세": "9,847",
            "100세 이상": "298",
            "남 인구수": "770,730",
            "여 인구수": "761,320"
        },
        {
            "행정기관": "충청북도  ",
            "총 인구수": "783,021",
            "연령구간인구수": "783,021",
            "0~9세": "50,412",
            "10~19세": "69,726",
            "20~29세": "81,060",
            "30~39세": "84,987",
            "40~49세": "111,096",
            "50~59세": "132,365",
            "60~69세": "127,502",
            "70~79세": "68,282",
            "80~89세": "48,598",
            "90~99세": "8,777",
            "100세 이상": "216",
            "남 인구수": "810,943",
            "여 인구수": "783,297"
        },
        {
            "행정기관": "충청남도  ",
            "총 인구수": "1,038,549",
            "연령구간인구수": "1,038,549",
            "0~9세": "70,058",
            "10~19세": "97,564",
            "20~29세": "100,152",
            "30~39세": "114,700",
            "40~49세": "151,616",
            "50~59세": "164,149",
            "60~69세": "159,927",
            "70~79세": "94,556",
            "80~89세": "71,209",
            "90~99세": "14,192",
            "100세 이상": "426",
            "남 인구수": "1,089,245",
            "여 인구수": "1,037,395"
        },
        {
            "행정기관": "전라북도  ",
            "총 인구수": "881,338",
            "연령구간인구수": "881,338",
            "0~9세": "50,130",
            "10~19세": "79,344",
            "20~29세": "87,345",
            "30~39세": "82,943",
            "40~49세": "119,501",
            "50~59세": "144,550",
            "60~69세": "142,754",
            "70~79세": "92,954",
            "80~89세": "68,198",
            "90~99세": "13,206",
            "100세 이상": "413",
            "남 인구수": "876,459",
            "여 인구수": "884,710"
        },
        {
            "행정기관": "전라남도  ",
            "총 인구수": "894,669",
            "연령구간인구수": "894,669",
            "0~9세": "52,719",
            "10~19세": "77,126",
            "20~29세": "78,394",
            "30~39세": "80,031",
            "40~49세": "112,989",
            "50~59세": "143,112",
            "60~69세": "148,617",
            "70~79세": "102,544",
            "80~89세": "83,267",
            "90~99세": "15,347",
            "100세 이상": "523",
            "남 인구수": "912,075",
            "여 인구수": "897,996"
        },
        {
            "행정기관": "경상북도  ",
            "총 인구수": "1,264,026",
            "연령구간인구수": "1,264,026",
            "0~9세": "73,834",
            "10~19세": "103,636",
            "20~29세": "106,122",
            "30~39세": "118,448",
            "40~49세": "171,342",
            "50~59세": "214,234",
            "60~69세": "222,838",
            "70~79세": "135,857",
            "80~89세": "99,314",
            "90~99세": "17,890",
            "100세 이상": "511",
            "남 인구수": "1,294,579",
            "여 인구수": "1,269,486"
        },
        {
            "행정기관": "경상남도  ",
            "총 인구수": "1,614,171",
            "연령구간인구수": "1,614,171",
            "0~9세": "102,873",
            "10~19세": "152,026",
            "20~29세": "141,412",
            "30~39세": "164,845",
            "40~49세": "245,573",
            "50~59세": "285,243",
            "60~69세": "264,341",
            "70~79세": "144,983",
            "80~89세": "95,192",
            "90~99세": "17,297",
            "100세 이상": "386",
            "남 인구수": "1,642,061",
            "여 인구수": "1,619,300"
        },
        {
            "행정기관": "제주특별자치도  ",
            "총 인구수": "337,276",
            "연령구간인구수": "337,276",
            "0~9세": "25,017",
            "10~19세": "34,001",
            "20~29세": "34,589",
            "30~39세": "38,554",
            "40~49세": "53,389",
            "50~59세": "57,195",
            "60~69세": "47,029",
            "70~79세": "25,888",
            "80~89세": "17,268",
            "90~99세": "4,068",
            "100세 이상": "278",
            "남 인구수": "338,843",
            "여 인구수": "337,967"
        }
    ],
    "1월": [
        {
            "행정기관": "대구광역시  ",
            "3,305,052": "2,379,086",
            "199,654": "153,424",
            "264,559": "215,696",
            "385,177": "287,579",
            "393,281": "279,895",
            "489,183": "360,315",
            "539,658": "418,247",
            "561,300": "363,150",
            "315,330": "192,899",
            "139,650": "95,664",
            "16,806": "11,954",
            "454": "263",
            "1,611,959": "1,169,503",
            "1,693,093": "1,209,583"
        },
        {
            "행정기관": "인천광역시  ",
            "3,305,052": "2,981,553",
            "199,654": "204,597",
            "264,559": "272,081",
            "385,177": "368,090",
            "393,281": "408,639",
            "489,183": "480,586",
            "539,658": "511,094",
            "561,300": "434,957",
            "315,330": "193,770",
            "139,650": "92,799",
            "16,806": "14,419",
            "454": "521",
            "1,611,959": "1,491,638",
            "1,693,093": "1,489,915"
        },
        {
            "행정기관": "광주광역시  ",
            "3,305,052": "1,424,305",
            "199,654": "102,694",
            "264,559": "148,607",
            "385,177": "194,085",
            "393,281": "175,029",
            "489,183": "230,115",
            "539,658": "239,077",
            "561,300": "182,493",
            "315,330": "97,504",
            "139,650": "47,899",
            "16,806": "6,583",
            "454": "219",
            "1,611,959": "703,548",
            "1,693,093": "720,757"
        },
        {
            "행정기관": "대전광역시  ",
            "3,305,052": "1,444,898",
            "199,654": "99,181",
            "264,559": "138,836",
            "385,177": "201,460",
            "393,281": "187,985",
            "489,183": "223,181",
            "539,658": "240,762",
            "561,300": "200,916",
            "315,330": "97,507",
            "139,650": "48,005",
            "16,806": "6,852",
            "454": "213",
            "1,611,959": "720,637",
            "1,693,093": "724,261"
        },
        {
            "행정기관": "울산광역시  ",
            "3,305,052": "1,105,326",
            "199,654": "81,513",
            "264,559": "109,461",
            "385,177": "124,481",
            "393,281": "138,111",
            "489,183": "179,361",
            "539,658": "203,961",
            "561,300": "167,609",
            "315,330": "69,636",
            "139,650": "27,529",
            "16,806": "3,588",
            "454": "76",
            "1,611,959": "567,947",
            "1,693,093": "537,379"
        },
        {
            "행정기관": "세종특별자치시  ",
            "3,305,052": "386,192",
            "199,654": "44,799",
            "264,559": "50,085",
            "385,177": "37,875",
            "393,281": "60,177",
            "489,183": "77,356",
            "539,658": "53,162",
            "561,300": "36,903",
            "315,330": "16,169",
            "139,650": "8,177",
            "16,806": "1,441",
            "454": "48",
            "1,611,959": "192,449",
            "1,693,093": "193,743"
        },
        {
            "행정기관": "경기도  ",
            "3,305,052": "13,623,055",
            "199,654": "1,011,869",
            "264,559": "1,326,853",
            "385,177": "1,704,009",
            "393,281": "1,879,114",
            "489,183": "2,270,297",
            "539,658": "2,311,572",
            "561,300": "1,807,547",
            "315,330": "832,069",
            "139,650": "416,806",
            "16,806": "60,963",
            "454": "1,956",
            "1,611,959": "6,854,747",
            "1,693,093": "6,768,308"
        },
        {
            "행정기관": "강원특별자치도  ",
            "3,305,052": "1,532,050",
            "199,654": "93,027",
            "264,559": "130,311",
            "385,177": "166,053",
            "393,281": "159,093",
            "489,183": "211,908",
            "539,658": "261,138",
            "561,300": "273,988",
            "315,330": "140,359",
            "139,650": "83,381",
            "16,806": "12,388",
            "454": "404",
            "1,611,959": "770,730",
            "1,693,093": "761,320"
        },
        {
            "행정기관": "충청북도  ",
            "3,305,052": "1,594,240",
            "199,654": "105,629",
            "264,559": "144,924",
            "385,177": "184,433",
            "393,281": "187,102",
            "489,183": "233,241",
            "539,658": "269,403",
            "561,300": "256,845",
            "315,330": "126,438",
            "139,650": "75,189",
            "16,806": "10,742",
            "454": "294",
            "1,611,959": "810,943",
            "1,693,093": "783,297"
        },
        {
            "행정기관": "충청남도  ",
            "3,305,052": "2,126,640",
            "199,654": "147,071",
            "264,559": "201,955",
            "385,177": "227,805",
            "393,281": "251,231",
            "489,183": "325,509",
            "539,658": "344,715",
            "561,300": "322,253",
            "315,330": "176,886",
            "139,650": "110,672",
            "16,806": "18,024",
            "454": "519",
            "1,611,959": "1,089,245",
            "1,693,093": "1,037,395"
        },
        {
            "행정기관": "전라북도  ",
            "3,305,052": "1,761,169",
            "199,654": "105,658",
            "264,559": "165,291",
            "385,177": "193,708",
            "393,281": "174,000",
            "489,183": "249,006",
            "539,658": "299,066",
            "561,300": "282,967",
            "315,330": "170,112",
            "139,650": "104,392",
            "16,806": "16,448",
            "454": "521",
            "1,611,959": "876,459",
            "1,693,093": "884,710"
        },
        {
            "행정기관": "전라남도  ",
            "3,305,052": "1,810,071",
            "199,654": "110,626",
            "264,559": "159,701",
            "385,177": "180,604",
            "393,281": "170,570",
            "489,183": "243,967",
            "539,658": "310,455",
            "561,300": "301,710",
            "315,330": "188,429",
            "139,650": "124,518",
            "16,806": "18,860",
            "454": "631",
            "1,611,959": "912,075",
            "1,693,093": "897,996"
        },
        {
            "행정기관": "경상북도  ",
            "3,305,052": "2,564,065",
            "199,654": "157,114",
            "264,559": "218,279",
            "385,177": "252,032",
            "393,281": "262,491",
            "489,183": "361,872",
            "539,658": "443,363",
            "561,300": "446,653",
            "315,330": "249,810",
            "139,650": "149,753",
            "16,806": "22,092",
            "454": "606",
            "1,611,959": "1,294,579",
            "1,693,093": "1,269,486"
        },
        {
            "행정기관": "경상남도  ",
            "3,305,052": "3,261,361",
            "199,654": "219,246",
            "264,559": "316,587",
            "385,177": "328,366",
            "393,281": "355,101",
            "489,183": "511,339",
            "539,658": "577,192",
            "561,300": "526,298",
            "315,330": "264,758",
            "139,650": "141,194",
            "16,806": "20,824",
            "454": "456",
            "1,611,959": "1,642,061",
            "1,693,093": "1,619,300"
        },
        {
            "행정기관": "제주특별자치도  ",
            "3,305,052": "676,810",
            "199,654": "52,873",
            "264,559": "70,460",
            "385,177": "75,458",
            "393,281": "78,663",
            "489,183": "109,998",
            "539,658": "118,011",
            "561,300": "92,162",
            "315,330": "47,475",
            "139,650": "26,628",
            "16,806": "4,759",
            "454": "323",
            "1,611,959": "338,843",
            "1,693,093": "337,967"
        }
    ],
    "2월": [
        {
            "행정기관": "대구광역시  ",
            "3,302,740": "2,378,464",
            "198,657": "152,853",
            "264,486": "215,510",
            "383,672": "286,581",
            "392,981": "280,170",
            "488,432": "359,616",
            "539,375": "418,224",
            "561,694": "363,958",
            "316,061": "193,370",
            "140,082": "95,886",
            "16,854": "12,036",
            "446": "260",
            "1,610,738": "1,169,083",
            "1,692,002": "1,209,381"
        },
        {
            "행정기관": "인천광역시  ",
            "3,302,740": "2,985,152",
            "198,657": "204,094",
            "264,486": "272,235",
            "383,672": "367,246",
            "392,981": "409,654",
            "488,432": "480,869",
            "539,375": "511,512",
            "561,694": "436,589",
            "316,061": "194,751",
            "140,082": "93,178",
            "16,854": "14,509",
            "446": "515",
            "1,610,738": "1,493,440",
            "1,692,002": "1,491,712"
        },
        {
            "행정기관": "광주광역시  ",
            "3,302,740": "1,423,810",
            "198,657": "102,152",
            "264,486": "148,476",
            "383,672": "193,607",
            "392,981": "175,013",
            "488,432": "229,740",
            "539,375": "239,193",
            "561,694": "183,021",
            "316,061": "97,778",
            "140,082": "48,006",
            "16,854": "6,607",
            "446": "217",
            "1,610,738": "703,131",
            "1,692,002": "720,679"
        },
        {
            "행정기관": "대전광역시  ",
            "3,302,740": "1,444,837",
            "198,657": "98,660",
            "264,486": "138,792",
            "383,672": "201,280",
            "392,981": "187,921",
            "488,432": "222,760",
            "539,375": "240,943",
            "561,694": "201,321",
            "316,061": "97,866",
            "140,082": "48,175",
            "16,854": "6,908",
            "446": "211",
            "1,610,738": "720,688",
            "1,692,002": "724,149"
        },
        {
            "행정기관": "울산광역시  ",
            "3,302,740": "1,104,448",
            "198,657": "80,992",
            "264,486": "109,385",
            "383,672": "123,888",
            "392,981": "137,818",
            "488,432": "179,168",
            "539,375": "203,763",
            "561,694": "168,140",
            "316,061": "69,938",
            "140,082": "27,674",
            "16,854": "3,605",
            "446": "77",
            "1,610,738": "567,403",
            "1,692,002": "537,045"
        },
        {
            "행정기관": "세종특별자치시  ",
            "3,302,740": "385,953",
            "198,657": "44,517",
            "264,486": "50,214",
            "383,672": "37,834",
            "392,981": "59,894",
            "488,432": "77,329",
            "539,375": "53,308",
            "561,694": "36,956",
            "316,061": "16,235",
            "140,082": "8,164",
            "16,854": "1,455",
            "446": "47",
            "1,610,738": "192,271",
            "1,692,002": "193,682"
        },
        {
            "행정기관": "경기도  ",
            "3,302,740": "13,624,964",
            "198,657": "1,007,256",
            "264,486": "1,327,479",
            "383,672": "1,699,010",
            "392,981": "1,879,098",
            "488,432": "2,267,822",
            "539,375": "2,313,797",
            "561,694": "1,813,864",
            "316,061": "835,228",
            "140,082": "418,038",
            "16,854": "61,435",
            "446": "1,937",
            "1,610,738": "6,855,409",
            "1,692,002": "6,769,555"
        },
        {
            "행정기관": "강원특별자치도  ",
            "3,302,740": "1,531,390",
            "198,657": "92,627",
            "264,486": "130,115",
            "383,672": "165,494",
            "392,981": "159,041",
            "488,432": "211,352",
            "539,375": "261,177",
            "561,694": "274,533",
            "316,061": "140,742",
            "140,082": "83,494",
            "16,854": "12,410",
            "446": "405",
            "1,610,738": "770,401",
            "1,692,002": "760,989"
        },
        {
            "행정기관": "충청북도  ",
            "3,302,740": "1,594,337",
            "198,657": "105,246",
            "264,486": "144,931",
            "383,672": "183,810",
            "392,981": "187,274",
            "488,432": "232,944",
            "539,375": "269,811",
            "561,694": "257,270",
            "316,061": "126,806",
            "140,082": "75,126",
            "16,854": "10,834",
            "446": "285",
            "1,610,738": "810,927",
            "1,692,002": "783,410"
        },
        {
            "행정기관": "충청남도  ",
            "3,302,740": "2,127,077",
            "198,657": "146,347",
            "264,486": "202,186",
            "383,672": "227,188",
            "392,981": "251,176",
            "488,432": "325,325",
            "539,375": "345,299",
            "561,694": "322,985",
            "316,061": "177,226",
            "140,082": "110,641",
            "16,854": "18,191",
            "446": "513",
            "1,610,738": "1,089,549",
            "1,692,002": "1,037,528"
        },
        {
            "행정기관": "전라북도  ",
            "3,302,740": "1,759,815",
            "198,657": "105,071",
            "264,486": "165,084",
            "383,672": "193,000",
            "392,981": "173,804",
            "488,432": "248,220",
            "539,375": "299,078",
            "561,694": "283,662",
            "316,061": "170,387",
            "140,082": "104,440",
            "16,854": "16,556",
            "446": "513",
            "1,610,738": "875,839",
            "1,692,002": "883,976"
        },
        {
            "행정기관": "전라남도  ",
            "3,302,740": "1,808,339",
            "198,657": "110,033",
            "264,486": "159,453",
            "383,672": "179,774",
            "392,981": "170,406",
            "488,432": "243,319",
            "539,375": "310,119",
            "561,694": "302,696",
            "316,061": "188,545",
            "140,082": "124,431",
            "16,854": "18,938",
            "446": "625",
            "1,610,738": "911,340",
            "1,692,002": "896,999"
        },
        {
            "행정기관": "경상북도  ",
            "3,302,740": "2,561,623",
            "198,657": "156,073",
            "264,486": "217,999",
            "383,672": "250,880",
            "392,981": "261,976",
            "488,432": "361,105",
            "539,375": "443,073",
            "561,694": "447,544",
            "316,061": "250,340",
            "140,082": "149,829",
            "16,854": "22,210",
            "446": "594",
            "1,610,738": "1,293,508",
            "1,692,002": "1,268,115"
        },
        {
            "행정기관": "경상남도  ",
            "3,302,740": "3,258,309",
            "198,657": "217,789",
            "264,486": "316,351",
            "383,672": "326,657",
            "392,981": "354,283",
            "488,432": "510,248",
            "539,375": "577,487",
            "561,694": "527,328",
            "316,061": "265,458",
            "140,082": "141,329",
            "16,854": "20,927",
            "446": "452",
            "1,610,738": "1,640,552",
            "1,692,002": "1,617,757"
        },
        {
            "행정기관": "제주특별자치도  ",
            "3,302,740": "676,489",
            "198,657": "52,644",
            "264,486": "70,455",
            "383,672": "75,075",
            "392,981": "78,557",
            "488,432": "109,800",
            "539,375": "118,051",
            "561,694": "92,536",
            "316,061": "47,587",
            "140,082": "26,684",
            "16,854": "4,785",
            "446": "315",
            "1,610,738": "338,622",
            "1,692,002": "337,867"
        }
    ],
    "3월": [
        {
            "행정기관": "대구광역시  ",
            "3,300,836": "2,377,801",
            "197,472": "152,155",
            "264,225": "215,174",
            "382,161": "285,568",
            "392,834": "280,358",
            "487,740": "358,925",
            "539,339": "418,420",
            "562,004": "364,732",
            "316,996": "193,804",
            "140,682": "96,258",
            "16,935": "12,153",
            "448": "254",
            "1,609,650": "1,168,679",
            "1,691,186": "1,209,122"
        },
        {
            "행정기관": "인천광역시  ",
            "3,300,836": "2,987,918",
            "197,472": "203,409",
            "264,225": "272,190",
            "382,161": "366,162",
            "392,834": "410,520",
            "487,740": "481,064",
            "539,339": "511,980",
            "562,004": "438,305",
            "316,996": "195,467",
            "140,682": "93,663",
            "16,935": "14,649",
            "448": "509",
            "1,609,650": "1,494,725",
            "1,691,186": "1,493,193"
        },
        {
            "행정기관": "광주광역시  ",
            "3,300,836": "1,422,999",
            "197,472": "101,450",
            "264,225": "148,288",
            "382,161": "193,012",
            "392,834": "174,892",
            "487,740": "229,368",
            "539,339": "239,353",
            "562,004": "183,574",
            "316,996": "98,013",
            "140,682": "48,178",
            "16,935": "6,654",
            "448": "217",
            "1,609,650": "702,748",
            "1,691,186": "720,251"
        },
        {
            "행정기관": "대전광역시  ",
            "3,300,836": "1,444,595",
            "197,472": "98,036",
            "264,225": "138,687",
            "382,161": "201,004",
            "392,834": "188,003",
            "487,740": "222,353",
            "539,339": "241,204",
            "562,004": "201,595",
            "316,996": "98,172",
            "140,682": "48,354",
            "16,935": "6,978",
            "448": "209",
            "1,609,650": "720,520",
            "1,691,186": "724,075"
        },
        {
            "행정기관": "울산광역시  ",
            "3,300,836": "1,104,167",
            "197,472": "80,397",
            "264,225": "109,459",
            "382,161": "123,553",
            "392,834": "137,598",
            "487,740": "178,961",
            "539,339": "203,769",
            "562,004": "168,589",
            "316,996": "70,324",
            "140,682": "27,802",
            "16,935": "3,636",
            "448": "79",
            "1,609,650": "567,314",
            "1,691,186": "536,853"
        },
        {
            "행정기관": "세종특별자치시  ",
            "3,300,836": "385,932",
            "197,472": "44,161",
            "264,225": "50,396",
            "382,161": "37,776",
            "392,834": "59,697",
            "487,740": "77,377",
            "539,339": "53,471",
            "562,004": "37,062",
            "316,996": "16,283",
            "140,682": "8,186",
            "16,935": "1,477",
            "448": "46",
            "1,609,650": "192,246",
            "1,691,186": "193,686"
        },
        {
            "행정기관": "경기도  ",
            "3,300,836": "13,626,339",
            "197,472": "1,001,973",
            "264,225": "1,326,350",
            "382,161": "1,694,662",
            "392,834": "1,879,219",
            "487,740": "2,266,405",
            "539,339": "2,316,080",
            "562,004": "1,819,908",
            "316,996": "838,009",
            "140,682": "419,913",
            "16,935": "61,893",
            "448": "1,927",
            "1,609,650": "6,855,626",
            "1,691,186": "6,770,713"
        },
        {
            "행정기관": "강원특별자치도  ",
            "3,300,836": "1,530,712",
            "197,472": "92,161",
            "264,225": "129,953",
            "382,161": "164,983",
            "392,834": "158,819",
            "487,740": "211,002",
            "539,339": "261,216",
            "562,004": "274,926",
            "316,996": "141,055",
            "140,682": "83,688",
            "16,935": "12,501",
            "448": "408",
            "1,609,650": "770,130",
            "1,691,186": "760,582"
        },
        {
            "행정기관": "충청북도  ",
            "3,300,836": "1,594,326",
            "197,472": "104,704",
            "264,225": "144,787",
            "382,161": "183,305",
            "392,834": "187,528",
            "487,740": "232,559",
            "539,339": "270,045",
            "562,004": "257,676",
            "316,996": "127,215",
            "140,682": "75,295",
            "16,935": "10,934",
            "448": "278",
            "1,609,650": "810,835",
            "1,691,186": "783,491"
        },
        {
            "행정기관": "충청남도  ",
            "3,300,836": "2,127,630",
            "197,472": "145,544",
            "264,225": "202,199",
            "382,161": "226,556",
            "392,834": "251,320",
            "487,740": "325,158",
            "539,339": "345,959",
            "562,004": "323,724",
            "316,996": "177,524",
            "140,682": "110,790",
            "16,935": "18,348",
            "448": "508",
            "1,609,650": "1,089,884",
            "1,691,186": "1,037,746"
        },
        {
            "행정기관": "전라북도  ",
            "3,300,836": "1,758,661",
            "197,472": "104,300",
            "264,225": "164,964",
            "382,161": "192,474",
            "392,834": "173,679",
            "487,740": "247,562",
            "539,339": "299,119",
            "562,004": "284,198",
            "316,996": "170,658",
            "140,682": "104,549",
            "16,935": "16,650",
            "448": "508",
            "1,609,650": "875,353",
            "1,691,186": "883,308"
        },
        {
            "행정기관": "전라남도  ",
            "3,300,836": "1,807,295",
            "197,472": "109,378",
            "264,225": "159,312",
            "382,161": "179,434",
            "392,834": "170,133",
            "487,740": "242,820",
            "539,339": "309,720",
            "562,004": "303,539",
            "316,996": "188,747",
            "140,682": "124,518",
            "16,935": "19,074",
            "448": "620",
            "1,609,650": "910,810",
            "1,691,186": "896,485"
        },
        {
            "행정기관": "경상북도  ",
            "3,300,836": "2,559,924",
            "197,472": "154,825",
            "264,225": "217,827",
            "382,161": "250,266",
            "392,834": "261,477",
            "487,740": "360,522",
            "539,339": "442,795",
            "562,004": "448,294",
            "316,996": "250,820",
            "140,682": "150,157",
            "16,935": "22,367",
            "448": "574",
            "1,609,650": "1,292,868",
            "1,691,186": "1,267,056"
        },
        {
            "행정기관": "경상남도  ",
            "3,300,836": "3,257,009",
            "197,472": "216,241",
            "264,225": "316,263",
            "382,161": "325,834",
            "392,834": "353,753",
            "487,740": "509,196",
            "539,339": "577,850",
            "562,004": "528,383",
            "316,996": "266,329",
            "140,682": "141,645",
            "16,935": "21,061",
            "448": "454",
            "1,609,650": "1,639,932",
            "1,691,186": "1,617,077"
        },
        {
            "행정기관": "제주특별자치도  ",
            "3,300,836": "676,317",
            "197,472": "52,325",
            "264,225": "70,505",
            "382,161": "74,869",
            "392,834": "78,462",
            "487,740": "109,604",
            "539,339": "118,095",
            "562,004": "92,917",
            "316,996": "47,637",
            "140,682": "26,749",
            "16,935": "4,845",
            "448": "309",
            "1,609,650": "338,514",
            "1,691,186": "337,803"
        }
    ],
    "4월": [
        {
            "행정기관": "대구광역시  ",
            "3,298,213": "2,376,978",
            "196,404": "151,519",
            "263,874": "214,802",
            "380,538": "284,674",
            "392,167": "280,349",
            "486,946": "358,107",
            "539,408": "418,594",
            "562,364": "365,584",
            "317,979": "194,427",
            "141,091": "96,426",
            "17,005": "12,239",
            "437": "257",
            "1,608,156": "1,168,087",
            "1,690,057": "1,208,891"
        },
        {
            "행정기관": "인천광역시  ",
            "3,298,213": "2,990,276",
            "196,404": "202,939",
            "263,874": "272,067",
            "380,538": "365,545",
            "392,167": "410,958",
            "486,946": "481,184",
            "539,408": "512,409",
            "562,364": "439,870",
            "317,979": "196,221",
            "141,091": "93,896",
            "17,005": "14,682",
            "437": "505",
            "1,608,156": "1,495,744",
            "1,690,057": "1,494,532"
        },
        {
            "행정기관": "광주광역시  ",
            "3,298,213": "1,421,760",
            "196,404": "100,939",
            "263,874": "147,971",
            "380,538": "192,397",
            "392,167": "174,729",
            "486,946": "228,653",
            "539,408": "239,552",
            "562,364": "184,127",
            "317,979": "98,347",
            "141,091": "48,168",
            "17,005": "6,666",
            "437": "211",
            "1,608,156": "702,121",
            "1,690,057": "719,639"
        },
        {
            "행정기관": "대전광역시  ",
            "3,298,213": "1,443,965",
            "196,404": "97,558",
            "263,874": "138,445",
            "380,538": "200,422",
            "392,167": "187,987",
            "486,946": "221,923",
            "539,408": "241,542",
            "562,364": "201,915",
            "317,979": "98,558",
            "141,091": "48,392",
            "17,005": "7,008",
            "437": "215",
            "1,608,156": "720,207",
            "1,690,057": "723,758"
        },
        {
            "행정기관": "울산광역시  ",
            "3,298,213": "1,104,031",
            "196,404": "79,954",
            "263,874": "109,481",
            "380,538": "123,202",
            "392,167": "137,479",
            "486,946": "178,690",
            "539,408": "203,865",
            "562,364": "168,994",
            "317,979": "70,724",
            "141,091": "27,918",
            "17,005": "3,645",
            "437": "79",
            "1,608,156": "567,309",
            "1,690,057": "536,722"
        },
        {
            "행정기관": "세종특별자치시  ",
            "3,298,213": "386,079",
            "196,404": "43,959",
            "263,874": "50,502",
            "380,538": "37,753",
            "392,167": "59,549",
            "486,946": "77,397",
            "539,408": "53,706",
            "562,364": "37,131",
            "317,979": "16,347",
            "141,091": "8,213",
            "17,005": "1,477",
            "437": "45",
            "1,608,156": "192,299",
            "1,690,057": "193,780"
        },
        {
            "행정기관": "경기도  ",
            "3,298,213": "13,627,840",
            "196,404": "997,818",
            "263,874": "1,324,414",
            "380,538": "1,691,024",
            "392,167": "1,878,608",
            "486,946": "2,264,166",
            "539,408": "2,319,598",
            "562,364": "1,826,015",
            "317,979": "841,073",
            "141,091": "421,050",
            "17,005": "62,175",
            "437": "1,899",
            "1,608,156": "6,855,616",
            "1,690,057": "6,772,224"
        },
        {
            "행정기관": "강원특별자치도  ",
            "3,298,213": "1,529,500",
            "196,404": "91,797",
            "263,874": "129,596",
            "380,538": "164,471",
            "392,167": "158,670",
            "486,946": "210,385",
            "539,408": "261,255",
            "562,364": "275,286",
            "317,979": "141,293",
            "141,091": "83,867",
            "17,005": "12,476",
            "437": "404",
            "1,608,156": "769,433",
            "1,690,057": "760,067"
        },
        {
            "행정기관": "충청북도  ",
            "3,298,213": "1,594,211",
            "196,404": "104,228",
            "263,874": "144,669",
            "380,538": "182,961",
            "392,167": "187,617",
            "486,946": "232,117",
            "539,408": "270,446",
            "562,364": "258,009",
            "317,979": "127,590",
            "141,091": "75,325",
            "17,005": "10,976",
            "437": "273",
            "1,608,156": "810,820",
            "1,690,057": "783,391"
        },
        {
            "행정기관": "충청남도  ",
            "3,298,213": "2,128,563",
            "196,404": "144,939",
            "263,874": "202,230",
            "380,538": "226,198",
            "392,167": "251,384",
            "486,946": "325,159",
            "539,408": "346,648",
            "562,364": "324,467",
            "317,979": "177,837",
            "141,091": "110,759",
            "17,005": "18,438",
            "437": "504",
            "1,608,156": "1,090,461",
            "1,690,057": "1,038,102"
        },
        {
            "행정기관": "전라북도  ",
            "3,298,213": "1,757,295",
            "196,404": "103,626",
            "263,874": "164,747",
            "380,538": "192,071",
            "392,167": "173,416",
            "486,946": "246,799",
            "539,408": "299,318",
            "562,364": "284,638",
            "317,979": "171,087",
            "141,091": "104,388",
            "17,005": "16,707",
            "437": "498",
            "1,608,156": "874,659",
            "1,690,057": "882,636"
        },
        {
            "행정기관": "전라남도  ",
            "3,298,213": "1,805,823",
            "196,404": "108,778",
            "263,874": "159,189",
            "380,538": "178,966",
            "392,167": "169,847",
            "486,946": "241,947",
            "539,408": "309,670",
            "562,364": "304,348",
            "317,979": "189,086",
            "141,091": "124,316",
            "17,005": "19,060",
            "437": "616",
            "1,608,156": "910,179",
            "1,690,057": "895,644"
        },
        {
            "행정기관": "경상북도  ",
            "3,298,213": "2,558,085",
            "196,404": "153,826",
            "263,874": "217,756",
            "380,538": "249,717",
            "392,167": "260,671",
            "486,946": "359,561",
            "539,408": "442,901",
            "562,364": "449,133",
            "317,979": "251,489",
            "141,091": "150,103",
            "17,005": "22,370",
            "437": "558",
            "1,608,156": "1,292,163",
            "1,690,057": "1,265,922"
        },
        {
            "행정기관": "경상남도  ",
            "3,298,213": "3,255,239",
            "196,404": "214,763",
            "263,874": "316,183",
            "380,538": "325,137",
            "392,167": "352,601",
            "486,946": "508,362",
            "539,408": "578,463",
            "562,364": "529,333",
            "317,979": "267,053",
            "141,091": "141,835",
            "17,005": "21,061",
            "437": "448",
            "1,608,156": "1,638,978",
            "1,690,057": "1,616,261"
        },
        {
            "행정기관": "제주특별자치도  ",
            "3,298,213": "676,119",
            "196,404": "52,005",
            "263,874": "70,498",
            "380,538": "74,633",
            "392,167": "78,327",
            "486,946": "109,320",
            "539,408": "118,182",
            "562,364": "93,459",
            "317,979": "47,720",
            "141,091": "26,788",
            "17,005": "4,891",
            "437": "296",
            "1,608,156": "338,391",
            "1,690,057": "337,728"
        }
    ],
    "5월": [
        {
            "행정기관": "대구광역시  ",
            "3,295,496": "2,376,044",
            "195,342": "150,966",
            "263,690": "214,420",
            "379,140": "283,769",
            "391,307": "280,110",
            "485,914": "357,242",
            "540,436": "419,564",
            "561,739": "365,961",
            "318,914": "194,773",
            "141,495": "96,692",
            "17,082": "12,290",
            "437": "257",
            "1,606,680": "1,167,480",
            "1,688,816": "1,208,564"
        },
        {
            "행정기관": "인천광역시  ",
            "3,295,496": "2,993,492",
            "195,342": "202,583",
            "263,690": "272,109",
            "379,140": "364,667",
            "391,307": "411,795",
            "485,914": "481,166",
            "540,436": "514,134",
            "561,739": "440,679",
            "318,914": "196,923",
            "141,495": "94,213",
            "17,082": "14,725",
            "437": "498",
            "1,606,680": "1,497,231",
            "1,688,816": "1,496,261"
        },
        {
            "행정기관": "광주광역시  ",
            "3,295,496": "1,420,822",
            "195,342": "100,404",
            "263,690": "147,774",
            "379,140": "191,743",
            "391,307": "174,472",
            "485,914": "228,044",
            "540,436": "240,090",
            "561,739": "184,481",
            "318,914": "98,736",
            "141,495": "48,187",
            "17,082": "6,684",
            "437": "207",
            "1,606,680": "701,645",
            "1,688,816": "719,177"
        },
        {
            "행정기관": "대전광역시  ",
            "3,295,496": "1,443,106",
            "195,342": "97,131",
            "263,690": "138,224",
            "379,140": "199,855",
            "391,307": "187,998",
            "485,914": "221,236",
            "540,436": "242,173",
            "561,739": "201,979",
            "318,914": "98,801",
            "141,495": "48,455",
            "17,082": "7,045",
            "437": "209",
            "1,606,680": "719,805",
            "1,688,816": "723,301"
        },
        {
            "행정기관": "울산광역시  ",
            "3,295,496": "1,103,752",
            "195,342": "79,489",
            "263,690": "109,488",
            "379,140": "122,788",
            "391,307": "137,197",
            "485,914": "178,531",
            "540,436": "204,292",
            "561,739": "169,171",
            "318,914": "71,082",
            "141,495": "27,967",
            "17,082": "3,666",
            "437": "81",
            "1,606,680": "567,145",
            "1,688,816": "536,607"
        },
        {
            "행정기관": "세종특별자치시  ",
            "3,295,496": "386,256",
            "195,342": "43,737",
            "263,690": "50,618",
            "379,140": "37,779",
            "391,307": "59,391",
            "485,914": "77,317",
            "540,436": "54,025",
            "561,739": "37,212",
            "318,914": "16,415",
            "141,495": "8,227",
            "17,082": "1,492",
            "437": "43",
            "1,606,680": "192,396",
            "1,688,816": "193,860"
        },
        {
            "행정기관": "경기도  ",
            "3,295,496": "13,628,135",
            "195,342": "993,742",
            "263,690": "1,322,170",
            "379,140": "1,686,522",
            "391,307": "1,878,288",
            "485,914": "2,261,673",
            "540,436": "2,326,697",
            "561,739": "1,828,974",
            "318,914": "843,799",
            "141,495": "421,983",
            "17,082": "62,427",
            "437": "1,860",
            "1,606,680": "6,855,041",
            "1,688,816": "6,773,094"
        },
        {
            "행정기관": "강원특별자치도  ",
            "3,295,496": "1,528,635",
            "195,342": "91,318",
            "263,690": "129,385",
            "379,140": "164,058",
            "391,307": "158,561",
            "485,914": "209,703",
            "540,436": "261,827",
            "561,739": "275,357",
            "318,914": "141,506",
            "141,495": "84,001",
            "17,082": "12,521",
            "437": "398",
            "1,606,680": "768,910",
            "1,688,816": "759,725"
        },
        {
            "행정기관": "충청북도  ",
            "3,295,496": "1,594,038",
            "195,342": "103,777",
            "263,690": "144,623",
            "379,140": "182,460",
            "391,307": "187,733",
            "485,914": "231,566",
            "540,436": "271,272",
            "561,739": "258,026",
            "318,914": "127,998",
            "141,495": "75,279",
            "17,082": "11,044",
            "437": "260",
            "1,606,680": "810,734",
            "1,688,816": "783,304"
        },
        {
            "행정기관": "충청남도  ",
            "3,295,496": "2,129,591",
            "195,342": "144,423",
            "263,690": "202,243",
            "379,140": "225,914",
            "391,307": "251,306",
            "485,914": "324,790",
            "540,436": "348,177",
            "561,739": "324,835",
            "318,914": "178,238",
            "141,495": "110,707",
            "17,082": "18,464",
            "437": "494",
            "1,606,680": "1,091,095",
            "1,688,816": "1,038,496"
        },
        {
            "행정기관": "전라북도  ",
            "3,295,496": "1,756,183",
            "195,342": "103,064",
            "263,690": "164,489",
            "379,140": "191,645",
            "391,307": "173,175",
            "485,914": "246,070",
            "540,436": "300,000",
            "561,739": "284,785",
            "318,914": "171,427",
            "141,495": "104,303",
            "17,082": "16,747",
            "437": "478",
            "1,606,680": "874,078",
            "1,688,816": "882,105"
        },
        {
            "행정기관": "전라남도  ",
            "3,295,496": "1,804,875",
            "195,342": "108,181",
            "263,690": "159,085",
            "379,140": "178,608",
            "391,307": "169,532",
            "485,914": "241,449",
            "540,436": "309,890",
            "561,739": "304,969",
            "318,914": "189,481",
            "141,495": "124,032",
            "17,082": "19,043",
            "437": "605",
            "1,606,680": "909,744",
            "1,688,816": "895,131"
        },
        {
            "행정기관": "경상북도  ",
            "3,295,496": "2,556,262",
            "195,342": "152,852",
            "263,690": "217,494",
            "379,140": "249,284",
            "391,307": "259,827",
            "485,914": "358,524",
            "540,436": "443,677",
            "561,739": "449,517",
            "318,914": "251,998",
            "141,495": "150,127",
            "17,082": "22,409",
            "437": "553",
            "1,606,680": "1,291,263",
            "1,688,816": "1,264,999"
        },
        {
            "행정기관": "경상남도  ",
            "3,295,496": "3,253,619",
            "195,342": "213,445",
            "263,690": "316,075",
            "379,140": "324,160",
            "391,307": "351,353",
            "485,914": "507,309",
            "540,436": "580,371",
            "561,739": "529,490",
            "318,914": "267,830",
            "141,495": "142,029",
            "17,082": "21,120",
            "437": "437",
            "1,606,680": "1,638,128",
            "1,688,816": "1,615,491"
        },
        {
            "행정기관": "제주특별자치도  ",
            "3,295,496": "675,845",
            "195,342": "51,685",
            "263,690": "70,545",
            "379,140": "74,393",
            "391,307": "78,194",
            "485,914": "109,075",
            "540,436": "118,314",
            "561,739": "93,806",
            "318,914": "47,787",
            "141,495": "26,822",
            "17,082": "4,932",
            "437": "292",
            "1,606,680": "338,265",
            "1,688,816": "337,580"
        }
    ],
    "6월": [
        {
            "행정기관": "대구광역시  ",
            "3,293,362": "2,374,960",
            "194,403": "150,403",
            "263,339": "214,121",
            "377,587": "282,470",
            "390,659": "279,965",
            "484,716": "356,114",
            "541,925": "420,799",
            "560,720": "365,980",
            "320,407": "195,523",
            "141,906": "96,888",
            "17,268": "12,432",
            "432": "265",
            "1,605,431": "1,166,803",
            "1,687,931": "1,208,157"
        },
        {
            "행정기관": "인천광역시  ",
            "3,293,362": "2,997,410",
            "194,403": "202,329",
            "263,339": "272,079",
            "377,587": "364,103",
            "390,659": "413,085",
            "484,716": "480,780",
            "541,925": "516,033",
            "560,720": "441,411",
            "320,407": "197,825",
            "141,906": "94,397",
            "17,268": "14,877",
            "432": "491",
            "1,605,431": "1,499,016",
            "1,687,931": "1,498,394"
        },
        {
            "행정기관": "광주광역시  ",
            "3,293,362": "1,419,237",
            "194,403": "99,779",
            "263,339": "147,525",
            "377,587": "190,905",
            "390,659": "174,075",
            "484,716": "227,259",
            "541,925": "240,674",
            "560,720": "184,732",
            "320,407": "99,128",
            "141,906": "48,185",
            "17,268": "6,768",
            "432": "207",
            "1,605,431": "700,896",
            "1,687,931": "718,341"
        },
        {
            "행정기관": "대전광역시  ",
            "3,293,362": "1,442,216",
            "194,403": "96,727",
            "263,339": "137,836",
            "377,587": "199,228",
            "390,659": "187,965",
            "484,716": "220,131",
            "541,925": "243,258",
            "560,720": "202,026",
            "320,407": "99,140",
            "141,906": "48,573",
            "17,268": "7,121",
            "432": "211",
            "1,605,431": "719,292",
            "1,687,931": "722,924"
        },
        {
            "행정기관": "울산광역시  ",
            "3,293,362": "1,103,661",
            "194,403": "79,086",
            "263,339": "109,462",
            "377,587": "122,522",
            "390,659": "136,909",
            "484,716": "178,114",
            "541,925": "204,814",
            "560,720": "169,307",
            "320,407": "71,586",
            "141,906": "28,057",
            "17,268": "3,725",
            "432": "79",
            "1,605,431": "567,153",
            "1,687,931": "536,508"
        },
        {
            "행정기관": "세종특별자치시  ",
            "3,293,362": "386,525",
            "194,403": "43,541",
            "263,339": "50,736",
            "377,587": "37,810",
            "390,659": "59,340",
            "484,716": "77,183",
            "541,925": "54,433",
            "560,720": "37,233",
            "320,407": "16,478",
            "141,906": "8,234",
            "17,268": "1,494",
            "432": "43",
            "1,605,431": "192,524",
            "1,687,931": "194,001"
        },
        {
            "행정기관": "경기도  ",
            "3,293,362": "13,630,821",
            "194,403": "989,550",
            "263,339": "1,320,631",
            "377,587": "1,682,138",
            "390,659": "1,878,734",
            "484,716": "2,256,931",
            "541,925": "2,335,999",
            "560,720": "1,831,793",
            "320,407": "847,103",
            "141,906": "423,029",
            "17,268": "63,061",
            "432": "1,852",
            "1,605,431": "6,855,895",
            "1,687,931": "6,774,926"
        },
        {
            "행정기관": "강원특별자치도  ",
            "3,293,362": "1,527,807",
            "194,403": "90,872",
            "263,339": "129,053",
            "377,587": "163,610",
            "390,659": "158,594",
            "484,716": "208,819",
            "541,925": "262,513",
            "560,720": "275,323",
            "320,407": "141,876",
            "141,906": "84,135",
            "17,268": "12,622",
            "432": "390",
            "1,605,431": "768,449",
            "1,687,931": "759,358"
        },
        {
            "행정기관": "충청북도  ",
            "3,293,362": "1,593,469",
            "194,403": "103,333",
            "263,339": "144,446",
            "377,587": "181,676",
            "390,659": "187,761",
            "484,716": "230,702",
            "541,925": "272,450",
            "560,720": "257,982",
            "320,407": "128,433",
            "141,906": "75,249",
            "17,268": "11,181",
            "432": "256",
            "1,605,431": "810,448",
            "1,687,931": "783,021"
        },
        {
            "행정기관": "충청남도  ",
            "3,293,362": "2,130,119",
            "194,403": "143,771",
            "263,339": "202,057",
            "377,587": "225,658",
            "390,659": "251,099",
            "484,716": "323,996",
            "541,925": "350,093",
            "560,720": "325,082",
            "320,407": "178,624",
            "141,906": "110,575",
            "17,268": "18,670",
            "432": "494",
            "1,605,431": "1,091,570",
            "1,687,931": "1,038,549"
        },
        {
            "행정기관": "전라북도  ",
            "3,293,362": "1,754,757",
            "194,403": "102,482",
            "263,339": "164,304",
            "377,587": "190,813",
            "390,659": "172,999",
            "484,716": "245,114",
            "541,925": "300,818",
            "560,720": "284,897",
            "320,407": "171,805",
            "141,906": "104,131",
            "17,268": "16,920",
            "432": "474",
            "1,605,431": "873,419",
            "1,687,931": "881,338"
        },
        {
            "행정기관": "전라남도  ",
            "3,293,362": "1,804,217",
            "194,403": "107,726",
            "263,339": "158,933",
            "377,587": "178,152",
            "390,659": "169,502",
            "484,716": "240,813",
            "541,925": "310,282",
            "560,720": "305,457",
            "320,407": "189,922",
            "141,906": "123,690",
            "17,268": "19,148",
            "432": "592",
            "1,605,431": "909,548",
            "1,687,931": "894,669"
        },
        {
            "행정기관": "경상북도  ",
            "3,293,362": "2,554,324",
            "194,403": "151,926",
            "263,339": "217,311",
            "377,587": "248,255",
            "390,659": "259,154",
            "484,716": "357,366",
            "541,925": "444,707",
            "560,720": "449,427",
            "320,407": "252,946",
            "141,906": "150,000",
            "17,268": "22,667",
            "432": "565",
            "1,605,431": "1,290,298",
            "1,687,931": "1,264,026"
        },
        {
            "행정기관": "경상남도  ",
            "3,293,362": "3,251,158",
            "194,403": "211,999",
            "263,339": "315,947",
            "377,587": "322,711",
            "390,659": "350,135",
            "484,716": "505,303",
            "541,925": "582,857",
            "560,720": "529,417",
            "320,407": "269,057",
            "141,906": "141,937",
            "17,268": "21,352",
            "432": "443",
            "1,605,431": "1,636,987",
            "1,687,931": "1,614,171"
        },
        {
            "행정기관": "제주특별자치도  ",
            "3,293,362": "675,252",
            "194,403": "51,403",
            "263,339": "70,469",
            "377,587": "74,037",
            "390,659": "78,167",
            "484,716": "108,720",
            "541,925": "118,487",
            "560,720": "93,983",
            "320,407": "47,881",
            "141,906": "26,824",
            "17,268": "4,986",
            "432": "295",
            "1,605,431": "337,976",
            "1,687,931": "337,276"
        }
    ],
    "7월": [
        {
            "행정기관": "대구광역시  ",
            "3,305,052": "2,379,086",
            "199,654": "153,424",
            "264,559": "215,696",
            "385,177": "287,579",
            "393,281": "279,895",
            "489,183": "360,315",
            "539,658": "418,247",
            "561,300": "363,150",
            "315,330": "192,899",
            "139,650": "95,664",
            "16,806": "11,954",
            "454": "263",
            "1,611,959": "1,169,503",
            "1,693,093": "1,209,583"
        },
        {
            "행정기관": "인천광역시  ",
            "3,305,052": "2,981,553",
            "199,654": "204,597",
            "264,559": "272,081",
            "385,177": "368,090",
            "393,281": "408,639",
            "489,183": "480,586",
            "539,658": "511,094",
            "561,300": "434,957",
            "315,330": "193,770",
            "139,650": "92,799",
            "16,806": "14,419",
            "454": "521",
            "1,611,959": "1,491,638",
            "1,693,093": "1,489,915"
        },
        {
            "행정기관": "광주광역시  ",
            "3,305,052": "1,424,305",
            "199,654": "102,694",
            "264,559": "148,607",
            "385,177": "194,085",
            "393,281": "175,029",
            "489,183": "230,115",
            "539,658": "239,077",
            "561,300": "182,493",
            "315,330": "97,504",
            "139,650": "47,899",
            "16,806": "6,583",
            "454": "219",
            "1,611,959": "703,548",
            "1,693,093": "720,757"
        },
        {
            "행정기관": "대전광역시  ",
            "3,305,052": "1,444,898",
            "199,654": "99,181",
            "264,559": "138,836",
            "385,177": "201,460",
            "393,281": "187,985",
            "489,183": "223,181",
            "539,658": "240,762",
            "561,300": "200,916",
            "315,330": "97,507",
            "139,650": "48,005",
            "16,806": "6,852",
            "454": "213",
            "1,611,959": "720,637",
            "1,693,093": "724,261"
        },
        {
            "행정기관": "울산광역시  ",
            "3,305,052": "1,105,326",
            "199,654": "81,513",
            "264,559": "109,461",
            "385,177": "124,481",
            "393,281": "138,111",
            "489,183": "179,361",
            "539,658": "203,961",
            "561,300": "167,609",
            "315,330": "69,636",
            "139,650": "27,529",
            "16,806": "3,588",
            "454": "76",
            "1,611,959": "567,947",
            "1,693,093": "537,379"
        },
        {
            "행정기관": "세종특별자치시  ",
            "3,305,052": "386,192",
            "199,654": "44,799",
            "264,559": "50,085",
            "385,177": "37,875",
            "393,281": "60,177",
            "489,183": "77,356",
            "539,658": "53,162",
            "561,300": "36,903",
            "315,330": "16,169",
            "139,650": "8,177",
            "16,806": "1,441",
            "454": "48",
            "1,611,959": "192,449",
            "1,693,093": "193,743"
        },
        {
            "행정기관": "경기도  ",
            "3,305,052": "13,623,055",
            "199,654": "1,011,869",
            "264,559": "1,326,853",
            "385,177": "1,704,009",
            "393,281": "1,879,114",
            "489,183": "2,270,297",
            "539,658": "2,311,572",
            "561,300": "1,807,547",
            "315,330": "832,069",
            "139,650": "416,806",
            "16,806": "60,963",
            "454": "1,956",
            "1,611,959": "6,854,747",
            "1,693,093": "6,768,308"
        },
        {
            "행정기관": "강원특별자치도  ",
            "3,305,052": "1,532,050",
            "199,654": "93,027",
            "264,559": "130,311",
            "385,177": "166,053",
            "393,281": "159,093",
            "489,183": "211,908",
            "539,658": "261,138",
            "561,300": "273,988",
            "315,330": "140,359",
            "139,650": "83,381",
            "16,806": "12,388",
            "454": "404",
            "1,611,959": "770,730",
            "1,693,093": "761,320"
        },
        {
            "행정기관": "충청북도  ",
            "3,305,052": "1,594,240",
            "199,654": "105,629",
            "264,559": "144,924",
            "385,177": "184,433",
            "393,281": "187,102",
            "489,183": "233,241",
            "539,658": "269,403",
            "561,300": "256,845",
            "315,330": "126,438",
            "139,650": "75,189",
            "16,806": "10,742",
            "454": "294",
            "1,611,959": "810,943",
            "1,693,093": "783,297"
        },
        {
            "행정기관": "충청남도  ",
            "3,305,052": "2,126,640",
            "199,654": "147,071",
            "264,559": "201,955",
            "385,177": "227,805",
            "393,281": "251,231",
            "489,183": "325,509",
            "539,658": "344,715",
            "561,300": "322,253",
            "315,330": "176,886",
            "139,650": "110,672",
            "16,806": "18,024",
            "454": "519",
            "1,611,959": "1,089,245",
            "1,693,093": "1,037,395"
        },
        {
            "행정기관": "전라북도  ",
            "3,305,052": "1,761,169",
            "199,654": "105,658",
            "264,559": "165,291",
            "385,177": "193,708",
            "393,281": "174,000",
            "489,183": "249,006",
            "539,658": "299,066",
            "561,300": "282,967",
            "315,330": "170,112",
            "139,650": "104,392",
            "16,806": "16,448",
            "454": "521",
            "1,611,959": "876,459",
            "1,693,093": "884,710"
        },
        {
            "행정기관": "전라남도  ",
            "3,305,052": "1,810,071",
            "199,654": "110,626",
            "264,559": "159,701",
            "385,177": "180,604",
            "393,281": "170,570",
            "489,183": "243,967",
            "539,658": "310,455",
            "561,300": "301,710",
            "315,330": "188,429",
            "139,650": "124,518",
            "16,806": "18,860",
            "454": "631",
            "1,611,959": "912,075",
            "1,693,093": "897,996"
        },
        {
            "행정기관": "경상북도  ",
            "3,305,052": "2,564,065",
            "199,654": "157,114",
            "264,559": "218,279",
            "385,177": "252,032",
            "393,281": "262,491",
            "489,183": "361,872",
            "539,658": "443,363",
            "561,300": "446,653",
            "315,330": "249,810",
            "139,650": "149,753",
            "16,806": "22,092",
            "454": "606",
            "1,611,959": "1,294,579",
            "1,693,093": "1,269,486"
        },
        {
            "행정기관": "경상남도  ",
            "3,305,052": "3,261,361",
            "199,654": "219,246",
            "264,559": "316,587",
            "385,177": "328,366",
            "393,281": "355,101",
            "489,183": "511,339",
            "539,658": "577,192",
            "561,300": "526,298",
            "315,330": "264,758",
            "139,650": "141,194",
            "16,806": "20,824",
            "454": "456",
            "1,611,959": "1,642,061",
            "1,693,093": "1,619,300"
        },
        {
            "행정기관": "제주특별자치도  ",
            "3,305,052": "676,810",
            "199,654": "52,873",
            "264,559": "70,460",
            "385,177": "75,458",
            "393,281": "78,663",
            "489,183": "109,998",
            "539,658": "118,011",
            "561,300": "92,162",
            "315,330": "47,475",
            "139,650": "26,628",
            "16,806": "4,759",
            "454": "323",
            "1,611,959": "338,843",
            "1,693,093": "337,967"
        }
    ],
    "8월": [
        {
            "행정기관": "대구광역시  ",
            "3,302,740": "2,378,464",
            "198,657": "152,853",
            "264,486": "215,510",
            "383,672": "286,581",
            "392,981": "280,170",
            "488,432": "359,616",
            "539,375": "418,224",
            "561,694": "363,958",
            "316,061": "193,370",
            "140,082": "95,886",
            "16,854": "12,036",
            "446": "260",
            "1,610,738": "1,169,083",
            "1,692,002": "1,209,381"
        },
        {
            "행정기관": "인천광역시  ",
            "3,302,740": "2,985,152",
            "198,657": "204,094",
            "264,486": "272,235",
            "383,672": "367,246",
            "392,981": "409,654",
            "488,432": "480,869",
            "539,375": "511,512",
            "561,694": "436,589",
            "316,061": "194,751",
            "140,082": "93,178",
            "16,854": "14,509",
            "446": "515",
            "1,610,738": "1,493,440",
            "1,692,002": "1,491,712"
        },
        {
            "행정기관": "광주광역시  ",
            "3,302,740": "1,423,810",
            "198,657": "102,152",
            "264,486": "148,476",
            "383,672": "193,607",
            "392,981": "175,013",
            "488,432": "229,740",
            "539,375": "239,193",
            "561,694": "183,021",
            "316,061": "97,778",
            "140,082": "48,006",
            "16,854": "6,607",
            "446": "217",
            "1,610,738": "703,131",
            "1,692,002": "720,679"
        },
        {
            "행정기관": "대전광역시  ",
            "3,302,740": "1,444,837",
            "198,657": "98,660",
            "264,486": "138,792",
            "383,672": "201,280",
            "392,981": "187,921",
            "488,432": "222,760",
            "539,375": "240,943",
            "561,694": "201,321",
            "316,061": "97,866",
            "140,082": "48,175",
            "16,854": "6,908",
            "446": "211",
            "1,610,738": "720,688",
            "1,692,002": "724,149"
        },
        {
            "행정기관": "울산광역시  ",
            "3,302,740": "1,104,448",
            "198,657": "80,992",
            "264,486": "109,385",
            "383,672": "123,888",
            "392,981": "137,818",
            "488,432": "179,168",
            "539,375": "203,763",
            "561,694": "168,140",
            "316,061": "69,938",
            "140,082": "27,674",
            "16,854": "3,605",
            "446": "77",
            "1,610,738": "567,403",
            "1,692,002": "537,045"
        },
        {
            "행정기관": "세종특별자치시  ",
            "3,302,740": "385,953",
            "198,657": "44,517",
            "264,486": "50,214",
            "383,672": "37,834",
            "392,981": "59,894",
            "488,432": "77,329",
            "539,375": "53,308",
            "561,694": "36,956",
            "316,061": "16,235",
            "140,082": "8,164",
            "16,854": "1,455",
            "446": "47",
            "1,610,738": "192,271",
            "1,692,002": "193,682"
        },
        {
            "행정기관": "경기도  ",
            "3,302,740": "13,624,964",
            "198,657": "1,007,256",
            "264,486": "1,327,479",
            "383,672": "1,699,010",
            "392,981": "1,879,098",
            "488,432": "2,267,822",
            "539,375": "2,313,797",
            "561,694": "1,813,864",
            "316,061": "835,228",
            "140,082": "418,038",
            "16,854": "61,435",
            "446": "1,937",
            "1,610,738": "6,855,409",
            "1,692,002": "6,769,555"
        },
        {
            "행정기관": "강원특별자치도  ",
            "3,302,740": "1,531,390",
            "198,657": "92,627",
            "264,486": "130,115",
            "383,672": "165,494",
            "392,981": "159,041",
            "488,432": "211,352",
            "539,375": "261,177",
            "561,694": "274,533",
            "316,061": "140,742",
            "140,082": "83,494",
            "16,854": "12,410",
            "446": "405",
            "1,610,738": "770,401",
            "1,692,002": "760,989"
        },
        {
            "행정기관": "충청북도  ",
            "3,302,740": "1,594,337",
            "198,657": "105,246",
            "264,486": "144,931",
            "383,672": "183,810",
            "392,981": "187,274",
            "488,432": "232,944",
            "539,375": "269,811",
            "561,694": "257,270",
            "316,061": "126,806",
            "140,082": "75,126",
            "16,854": "10,834",
            "446": "285",
            "1,610,738": "810,927",
            "1,692,002": "783,410"
        },
        {
            "행정기관": "충청남도  ",
            "3,302,740": "2,127,077",
            "198,657": "146,347",
            "264,486": "202,186",
            "383,672": "227,188",
            "392,981": "251,176",
            "488,432": "325,325",
            "539,375": "345,299",
            "561,694": "322,985",
            "316,061": "177,226",
            "140,082": "110,641",
            "16,854": "18,191",
            "446": "513",
            "1,610,738": "1,089,549",
            "1,692,002": "1,037,528"
        },
        {
            "행정기관": "전라북도  ",
            "3,302,740": "1,759,815",
            "198,657": "105,071",
            "264,486": "165,084",
            "383,672": "193,000",
            "392,981": "173,804",
            "488,432": "248,220",
            "539,375": "299,078",
            "561,694": "283,662",
            "316,061": "170,387",
            "140,082": "104,440",
            "16,854": "16,556",
            "446": "513",
            "1,610,738": "875,839",
            "1,692,002": "883,976"
        },
        {
            "행정기관": "전라남도  ",
            "3,302,740": "1,808,339",
            "198,657": "110,033",
            "264,486": "159,453",
            "383,672": "179,774",
            "392,981": "170,406",
            "488,432": "243,319",
            "539,375": "310,119",
            "561,694": "302,696",
            "316,061": "188,545",
            "140,082": "124,431",
            "16,854": "18,938",
            "446": "625",
            "1,610,738": "911,340",
            "1,692,002": "896,999"
        },
        {
            "행정기관": "경상북도  ",
            "3,302,740": "2,561,623",
            "198,657": "156,073",
            "264,486": "217,999",
            "383,672": "250,880",
            "392,981": "261,976",
            "488,432": "361,105",
            "539,375": "443,073",
            "561,694": "447,544",
            "316,061": "250,340",
            "140,082": "149,829",
            "16,854": "22,210",
            "446": "594",
            "1,610,738": "1,293,508",
            "1,692,002": "1,268,115"
        },
        {
            "행정기관": "경상남도  ",
            "3,302,740": "3,258,309",
            "198,657": "217,789",
            "264,486": "316,351",
            "383,672": "326,657",
            "392,981": "354,283",
            "488,432": "510,248",
            "539,375": "577,487",
            "561,694": "527,328",
            "316,061": "265,458",
            "140,082": "141,329",
            "16,854": "20,927",
            "446": "452",
            "1,610,738": "1,640,552",
            "1,692,002": "1,617,757"
        },
        {
            "행정기관": "제주특별자치도  ",
            "3,302,740": "676,489",
            "198,657": "52,644",
            "264,486": "70,455",
            "383,672": "75,075",
            "392,981": "78,557",
            "488,432": "109,800",
            "539,375": "118,051",
            "561,694": "92,536",
            "316,061": "47,587",
            "140,082": "26,684",
            "16,854": "4,785",
            "446": "315",
            "1,610,738": "338,622",
            "1,692,002": "337,867"
        }
    ]
}